position_x,position_y,position_z,orientation_x,orientation_y,orientation_z,orientation_w
-0.2281533950998578,0.38081843990329844,0.2346374363771488,-0.8666381097546176,0.4448414023085121,0.11560125629529142,-0.19414134813606876
-0.23890138107288544,0.3748554938222276,0.223623227989228,-0.8600588424514078,0.4431896373518503,0.10865903925066021,-0.22819935594607424
-0.24476583961936343,0.37004963844438366,0.21418022185204127,-0.8543456756991175,0.44387649762712006,0.10182976366862866,-0.25039532843024653
-0.24577532554527265,0.3684297984444125,0.20928329855576114,-0.8513751191743556,0.4451760575226634,0.10002116481088237,-0.25879422491490195
-0.24531705755780314,0.3674079165714256,0.20350630804720035,-0.8494337499989983,0.44694380646414483,0.09477675967084244,-0.2640471625529715
-0.24365070805726313,0.36661363399367164,0.19607212335095908,-0.8468101762814465,0.45052718395836583,0.08515960738747806,-0.26960271350700543
-0.24151811797861053,0.3656649657215704,0.1881141827059168,-0.8436449881218115,0.4546558301516696,0.07416089796679147,-0.2757741310181288
